When was the term reggaeton first coined and by whom?	https://www.wikidata.org/wiki/Q202930	1994	Daddy Yankee 
 What song did Skrillex release after Bangarang?	https://www.wikidata.org/wiki/Q806469	Make It Bun Dem 
 With whom did Skrillex collaborate for the song Make It Bun Dem?	https://www.wikidata.org/wiki/Q23094	Damian Marley 
 Did Don Diablo or Fatboy Slim release the song Cutting Shapes?	https://www.wikidata.org/wiki/Q30646076	Don Diablo 
 Does deadmau5 make house music?	https://www.wikidata.org/wiki/Q49009	Yes 
 Is deadmau5 only a composer?	https://www.wikidata.org/wiki/Q49009	No 
 Are Skrillex and Diplo the full list of members that are part of Jack Ü?	https://www.wikidata.org/wiki/Q18153648	Yes 
 Are Dieter Bohlen and Thomas Anders the only members of Modern Talking?	https://www.wikidata.org/wiki/Q27417	Yes 
 Who were members of AC/DC during 1973 and 1974?	https://www.wikidata.org/wiki/Q27593	Angus Young	Malcom Young	Cliff Williams	Dave Evans	Bon Scott	Mark Evans	George Young	Stevie Young	Axl Rose 
 Who joined AC/DC in the 90s?	https://www.wikidata.org/wiki/Q27593	Phil Rudd	Chris Slade 
 What type of musical instrument is a Roland TR-808?	https://www.wikidata.org/wiki/Q1414221	drum machine 
 Where was Italian violinist and composer Niccolò Paganini born?	https://www.wikidata.org/wiki/Q66075	Genoa 
 Which instrument does Dutch Prime Minister Mark Rutte play?	https://www.wikidata.org/wiki/Q57792	piano 
 When was The Beatles' “White Album” released?	https://www.wikidata.org/wiki/Q3295515	22 November 1968 
 How many violins are in a string quartet?	https://www.wikidata.org/wiki/Q207338	2 
 During which year was the genre of noise music first introduced?	https://www.wikidata.org/wiki/Q726239	1910 
 Which instruments did Amy Winehouse play?	https://www.wikidata.org/wiki/Q15897	guitar	drum kit	voice 
 Who are the members of American country rock band The Eagles?	https://www.wikidata.org/wiki/Q189635	Glenn Frey	Don Henley	Timothy Bruce Schmit	Joe Walsh	Don Felder	Randy Meisner	Bernie Leadon 
 The record label XL Recordings, famous for artists such as Tyler, the Creator and The xx, was founded in which country?	https://www.wikidata.org/wiki/Q1123947	United Kingdom 
 For what genre are music duo The Upbeats best known?	https://www.wikidata.org/wiki/Q7771774	drum and bass 
 Where do the Beatles come from?	http://www.wikidata.org/wiki/Q1299	United Kingdom 
 What is the full name of Elvis Presley?	http://www.wikidata.org/wiki/Q303	Elvis Aaron Presley 
 What is the birth date of Elvis Presley?	http://www.wikidata.org/wiki/Q303	8 January 1935 
 When was hardstyle founded?	http://www.wikidata.org/wiki/Q223840	1998 
 What is the gender of Michael Jackson?	http://www.wikidata.org/wiki/Q2831	male 
 Who is the artist of Zoutelande?	http://www.wikidata.org/wiki/Q47546550	BLØF 
 Where was Lee Towers born?	http://www.wikidata.org/wiki/Q1812015	Bolnes 
 What is Lee Towers' profession?	http://www.wikidata.org/wiki/Q1812015	singer 
 What is Lee Towers' music genre?	http://www.wikidata.org/wiki/Q1812015	pop music 
 Who are the members of Queen?	http://www.wikidata.org/wiki/Q15862	Freddie Mercurie	Brian May	Roger Taylor	John Deacon 
 When was the start of heavy metal?	http://www.wikidata.org/entity/Q38848	1968 
 What genres does Toto play?	http://www.wikidata.org/entity/Q207472	Progressive Rock	Pop Rock	Soft Rock	Hard Rock 
 What subclass of instruments is a violin in?	http://www.wikidata.org/entity/Q8355	Necked box lutes with a bow 
 What is Alice Cooper's real name?	http://www.wikidata.org/entity/Q332032	Vincent Damon Furnier 
 What are guitars usually made of?	http://www.wikidata.org/entity/Q6607	Maple	Mahogany 
 When was John Williams born?	http://www.wikidata.org/entity/Q131285	08-02-1932 
 Who are the members of Queen?	http://www.wikidata.org/entity/Q15862	Freddie Mercury	Brain May	Roger Taylor	John Deacon 
 Where does K-pop come from?	http://www.wikidata.org/entity/Q213665	South Korea 
 Which record labels has Marco Borsato been signed to?	http://www.wikidata.org/entity/Q429385	Polydor Records	Universal Music Group 
 What year was the song '1999' by Prince published?	http://www.wikidata.org/entity/Q208837	1982 
 How many albums did Queen make?	https://wikidata.org/wiki/Q59263377	8 
 What kind of band is GreenDay	https://www.wikidata.org/wiki/Q47871	American punk rock band 
 Which awards did The Black Keys recieve?	https://www.wikidata.org/wiki/Q606226	MTV Video Music Award	Grammy Award	BRIT Awards 
 In what city was Die Antwoord formed?	https://wikidata.org/wiki/Q23376	Cape Town 
 Which album does Smooth Operator from Sade belong to?	https://wikidata.org/wiki/Q904971	Diamond Life 
 Which instruments does James Brown play?	https://www.wikidata.org/wiki/Q5950	guitar	organ	voice 
 What date was Anthony Kiedis born?	https://www.wikidata.org/wiki/Q204751	1962-11-1 
 How many members does Nirvana have?	https://www.wikidata.org/wiki/Q11649	4 
 What record label produced Iggy Pop’s The Passenger?	https://www.wikidata.org/wiki/Q2298336	RCA Records 
 What single did Wheatus publish after Teenage Dirtbag?	https://www.wikidata.org/wiki/Q1610610	A Little Respect 
 Where is Dave Grohl from?	https://www.wikidata.org/wiki/Q12006	United states of america 
 What is the birth name of Dave Grohl?	https://www.wikidata.org/wiki/Q12006	David Eric Grohl 
 When was Dave Grohl born?	https://www.wikidata.org/wiki/Q12006	14 January 1969 
 What bands did Dave Grohl play in?	https://www.wikidata.org/wiki/Q12006	Nirvana	The Foo Fighters	Them Crooked Vultures 
 What occupations does Dave Grohl have?	https://www.wikidata.org/wiki/Q12006	guitarist	film director	singer-songwriter	drummer	singer 
 What genres do The Foals belong to?	https://www.wikidata.org/wiki/Q728958	indie rock	alternative rock	math rock	art rock	dance-punk	post-rock	experimental rock 
 Do The Foals make indie rock?	https://www.wikidata.org/wiki/Q728958	yes 
 What bands does Elena Tonra play in?	https://www.wikidata.org/wiki/Q60713104	Daugther	Ex:Re 
 When was Lovley day by Bill Whiters released?	https://www.wikidata.org/wiki/Q6692274	16 December 1977 
 What was freddie mercury's birth name?	https://www.wikidata.org/wiki/Q15869	Farrokh Bulsara 
 What song did Beyonce release after single ladies?	https://www.wikidata.org/wiki/Q147409	If I Were a Boy 
 When did Leslie Cheung die?	https://www.wikidata.org/wiki/Q313596	2003-04-01 
 Who composed the pop song Gangnam Style?	https://www.wikidata.org/wiki/Q890	Psy	Yoo Gun Hyung 
 Who are the members of Beyond?	https://www.wikidata.org/wiki/Q853266	Wong Ka Kui	Wong Ka Keung	Paul Wong	Yip Sai Wing 
 London born singer Miss Adkins is better known by what name?	https://www.wikidata.org/wiki/Q23215	Adele 
 Who was Dionne Warwick’s most famous female cousin?	https://www.wikidata.org/wiki/Q234695	Whitney Houston 
 Which singer appeared in the film,Hannah Montana?	https://www.wikidata.org/wiki/Q220591	Taylor Swift 
 What was Lang Lang’s instrument?	https://www.wikidata.org/wiki/Q155713	Piano 
 who was awarded the nobel prize in literature as a singer?	https://www.wikidata.org/wiki/Q392	Bob Dylan 
 Ashin was the lead singer of which brand?	https://www.wikidata.org/wiki/Q704318	Mayday 
 What is the first name of compose Vivaldi?	https://www.wikidata.org/wiki/Q1340	Antonio 
 What is Michael Jackson's birth name?	https://www.wikidata.org/wiki/Q2831	Michael Joseph Jackson (English) 
 When was Michael Jackson born?	https://www.wikidata.org/wiki/Q2831	29 August 1958 
 What are Michael Jackson's causes of death?	https://www.wikidata.org/wiki/Q2831	combined drug intoxication	myocardial infarction 
 What record label does the Innervisions album belong to?	https://www.wikidata.org/wiki/Q1049169	Motown 
 Who is the performer of the Innervisions album?	https://www.wikidata.org/wiki/Q1049169	Stevie Wonder 
 What is the place of birth of Madonna?	https://www.wikidata.org/wiki/Q1744	Bay City 
 Name the partners of Madonna	https://www.wikidata.org/wiki/Q1744	Carlos Leon	Brahim Zaibat 
 When was Queen formed?	https://www.wikidata.org/wiki/Q15862	1970 
 Who is the performer of the Boombastic album?	https://www.wikidata.org/wiki/Q1402494	Shaggy 
 What genre does Shaggy mainly perform?	https://www.wikidata.org/wiki/Q310763	reggae 
 Who is Avicii?	https://www.wikidata.org/wiki/Q505476	Tim Bergling 
 Who are the members of The Blakc Eyed Peas?	https://www.wikidata.org/wiki/Q185610	will.i.am	apl.de.ap	Taboo 
 When did Chester Bennington die?	https://www.wikidata.org/wiki/Q19198	2017-07-20 
 When did Chester Bennington die?	https://www.wikidata.org/wiki/Q19198	2017-07-20 
 What is a piano?	https://www.wikidata.org/wiki/Q5994	A keyboard instrument 
 From where does AC/DC come from?	https://www.wikidata.org/wiki/Q27593	Australia 
 When did Tyga start to play music?	https://www.wikidata.org/wiki/Q358087	2007 
 Where was The Weeknd born?	https://www.wikidata.org/wiki/Q2121062	Toronto 
 What award did The Weeknd receive in 2016?	https://www.wikidata.org/wiki/Q2121062	Grammy Award for Best Urban Contemporary Album 
 What is the real name of G-Eazy?	https://www.wikidata.org/wiki/Q5511893	Gerald Earl 
 Who founded Florence + the Machine?	https://www.wikidata.org/wiki/Q217360	Florence Welch	Isabella Summers 
 German musician Johannes Bach was born in what year?	https://www.wikidata.org/wiki/Q252919	1604 
 What was the name of The Beatles' first album?	https://www.wikidata.org/wiki/Q58885267	Please Please Me 
 When was Beyonce's "I am... Sasha Fierce" album released?	https://www.wikidata.org/wiki/Q147006	12 November 2008 
 Who were the members of Queen?	https://www.wikidata.org/wiki/Q15862	Freddie Mercury	Brian May	Roger Taylor	John Deacon 
 What was Avicii's birth name?	https://www.wikidata.org/wiki/Q505476	Tim Bergling 
 Sean Paul was born in which city?	https://www.wikidata.org/wiki/Q200577	Kingston 
 Who composed the song known as Peru's second national anthem, "La Flor de la Canela"?	https://www.wikidata.org/wiki/Q5966717	Chabuca Granda 
 What kind of an instrument is a cajon?	https://www.wikidata.org/wiki/Q748455	Percussion instrument 
 In 1990, what award did Nat King Cole win?	https://www.wikidata.org/wiki/Q137042	Grammy Lifetime Achievement Award 
 What city were the Beatles formed in?	https://www.wikidata.org/wiki/Q1299	Liverpool 
 Who is Kanye West's wife?	https://www.wikidata.org/wiki/Q15935	Kim Kardashian 
 When was Def Jam founded?	https://www.wikidata.org/wiki/Q654283	1984 
 Who were Mozart's teachers?	https://www.wikidata.org/wiki/Q254	Johann Schobert	Johann Christian Bach 
 How did Beethoven die?	https://www.wikidata.org/wiki/Q255	Intoxication 
 How many children does Eminem has?	https://www.wikidata.org/wiki/Q5608	3 
 Who started Interscope?	https://www.wikidata.org/wiki/Q231694	Jimmy Iovine	Ted Field 
 Which rock band was formerly known as Hybrid Theory?	https://www.wikidata.org/wiki/Q16181777	Linkin Park	Xero 
 Where did Mozart first performed The Magic Flute?	https://www.wikidata.org/wiki/Q5064	Theater auf der Wieden 
 Who were the members of Nirvana?	https://www.wikidata.org/wiki/Q11649	Kurt Cobain	Krist Novoselic	Dave Grohl	Pat Smear 
 When was Kurt Cobain born?	https://www.wikidata.org/wiki/Q8446	1967-02-20 
 Which bands did Slash play in?	https://www.wikidata.org/wiki/Q34166	Guns N' Roses	Velvet Revolver	Slash's Snakepit	Slash's Blues Ball	Slash featuring Myles Kennedy and The Conspirators 
 Which genres do Guns 'n Roses play?	https://www.wikidata.org/wiki/Q11895	hard rock	glam metal	traditional heavy metal 
 Who are the performers of Uptown Funk?	https://www.wikidata.org/wiki/Q18559542	Mark Ronson	Bruno Mars 
 In what country did heavy metal start?	https://www.wikidata.org/wiki/Q38848	United States of America 
 Who influenced Queen?	https://www.wikidata.org/wiki/Q15862	The Beatles	The Who	Jimi Hendrix	Cream 
 Who is the architect of the ROck and Roll Hall of Fame?	https://www.wikidata.org/wiki/Q179191	I. M. Pei 
 What is the hair color of Ed Sheeran?	https://www.wikidata.org/wiki/Q47447	red hair 
 How many record labels does Ed Sheeran have?	https://www.wikidata.org/wiki/Q47447	3 
 Who is Justin Bieber married to?	Q34086	Hailey Baldwin 
 What instrument did Larry Adler play?	https://www.wikidata.org/wiki/Q456711	Harmonica 
 Who is the father of Miley Cyrus?	https://www.wikidata.org/wiki/Q4235	Billy Ray Cyrus 
 Who are the members of Linkin Park Band?	https://www.wikidata.org/wiki/Q261	Brad Delson	Joseph Hahn	Mike Shinoda	Chester Bennington	Phoenix	Rob Bourdon	Mark Wakefield 
 When did Michael Jackson die?	https://www.wikidata.org/wiki/Q2831	25-06-2009 
 Where did The Beatles form their band?	https://www.wikidata.org/wiki/Q1299	Liverpool 
 What is the birth name of Eminem?	https://www.wikidata.org/wiki/Q5608	Marshall Bruce Mathers III 
 Whose tour was The Mrs. Carter Show World Tour?	https://www.wikidata.org/wiki/Q4168219	Beyoncé 
 Who sang the song Rawhide?	https://www.wikidata.org/wiki/Q1844307	Frankie Laine 
 Who won the first season of the Dutch X Factor?	https://www.wikidata.org/wiki/Q2163268	Sharon Kips 
 Whose song was Hey There Delilah?	https://www.wikidata.org/wiki/Q195326	Plain White T's 
 When was ABBA's inception?	https://www.wikidata.org/wiki/Q18233	1972 
 When did Freddie Mercury die?	https://www.wikidata.org/wiki/Q15869	1991-11-24 
 Where does Kanye West live?	https://www.wikidata.org/wiki/Q15935	United States of America 
 Who is Kanye West married to?	https://www.wikidata.org/wiki/Q15935	Kim Kardashian 
 What award did Eminem win most recently?	https://www.wikidata.org/wiki/Q5608	Grammy Award for Best Rap/Sung Performance 
 What is Bruno Mars' music genre?	https://www.wikidata.org/wiki/Q1450	contemporary R&amp;B 
 What record lables has Katy Perry been signed to?	https://www.wikidata.org/wiki/Q42493	Pamplin Music	The Island Def Jam Music Group	Columbia Records	Capitol Records	Island Records 
 What is Lil Pump's real name?	https://www.wikidata.org/wiki/Q38002101	Gazzy Garcia 
 Who are the members of Europe?	https://www.wikidata.org/wiki/Q185144	Joey Tempest	 John Norum	John Leven	Mic Michaeli	Ian Haugland	Kee Marcello	Tony Reno 
 What are DJ Khaled's occupations?	https://www.wikidata.org/wiki/Q80805	disc jockey	record producer	radio personality	musician	rapper	composer	beatmaker 
 Where was the original Woodstock held?	https://www.wikidata.org/wiki/Q164815	Bethel 
 Who invented the phonograph?	https://www.wikidata.org/wiki/Q116434	Thomas alva edison 
 Who are the current and past members of the Rolling Stones?	https://www.wikidata.org/wiki/Q11036	Mick Jagger	Keith Richards	Charlie Watts	Ronnie Wood	Brian Jones	Mick Taylor	Bill Wyman 
 What year was the 'blues' genre established?	https://www.wikidata.org/wiki/Q9759	1890 
 From what era are the oldest flutes?	https://www.wikidata.org/wiki/Q11405	35. millennium BCE 
 In which century were the first operas performed?	https://www.wikidata.org/wiki/Q1344	16. century 
 What music recording sales certifications were established by the recording industry association of america?	https://www.wikidata.org/wiki/Q241365	gold record	platinum record	silver record	diamond record 
 Who is the composer of the musical “the Phantom of the Opera”?	https://www.wikidata.org/wiki/Q382353	Andrew Lloyd Webber 
 What are the two main parts of a guitar called?	https://www.wikidata.org/wiki/Q6607	Neck	Body 
 How did kurt cobain die?	https://www.wikidata.org/wiki/Q8446	Suicide 
 What was David Bowie’s voice type?	https://www.wikidata.org/wiki/Q5383	Baritone 
 When did the former Linkin Park member Chester Bennington die?	https://www.wikidata.org/wiki/Q19198	20 July 2017 
 Which are the current members of Linkin Park?	https://www.wikidata.org/wiki/Q261	Brad Delson	Joseph Hahn	Mike Shinoda	Phoenix	Rob Bourdon 
 Is Robin Schulz man or woman?	https://www.wikidata.org/wiki/Q16231940	male 
 How can I find Robin Schulz on Twitter?	https://www.wikidata.org/wiki/Q16231940	robin_schulz 
 Does Felix Jaehn come from my own home town, namely Hamburg?	https://www.wikidata.org/wiki/Q18943660	Yes 
 What kind of music does Felix Jaehn produce?	https://www.wikidata.org/wiki/Q18943660	deep house	tropical house	electronic dance music 
 How many awards has Rammstein received?	https://www.wikidata.org/wiki/Q25177	1 
 Where does Rammstein come from?	https://www.wikidata.org/wiki/Q25177	Germany 
 When was Rammstein's latest song 'Deutschland' released?	https://www.wikidata.org/wiki/Q62565108	28 March 2019 
 Which band that John Lennon was a member of influenced Queen?	https://www.wikidata.org/wiki/Q1299	The Beatles 
 At what age did Michael Jackson die?	https://www.wikidata.org/wiki/Q2831	2009-06-25 
 Who are the members of The Jackson 5?	https://www.wikidata.org/wiki/Q43267	Tito Jackson	Jackie Jackson	Jermaine Jackson	Marlon Jackson	Michael Jackson 
 What were the nicknames of Michael Jackson?	https://www.wikidata.org/wiki/Q2831	the King of Pop	Bambi 
 In which country was Michael Jackson born?	https://www.wikidata.org/wiki/Q2831	United States of America 
 When did Michael Jackson start working on his music career?	https://www.wikidata.org/wiki/Q2831	1964 
 What was Michael Jackson's view on religion?	https://www.wikidata.org/wiki/Q2831	He was a Jehovah's Witness 
 Which genre was the song 'Thriller' written by Michael Jackson?	https://www.wikidata.org/wiki/Q380825	funk	pop music 
 Which record label was associated to the song 'Thriller' by Michael Jackson?	https://www.wikidata.org/wiki/Q380825	Epic Records 
 Who has founded Epic Records?	https://www.wikidata.org/wiki/Q216364	Columbia Records 
 Where is the headquarters of Epic Records?	https://www.wikidata.org/wiki/Q216364	Los Angeles 
 When did Freddie Mercury die?	https://www.wikidata.org/wiki/Q15869	1991-11-24 
 Where is the band U2 from?	https://www.wikidata.org/wiki/Q396	Ireland 
 What instrument does Eric Clapton play?	https://www.wikidata.org/wiki/Q48187	Guitar 
 What instrument does Eric Clapton play?	https://www.wikidata.org/wiki/Q48187	Guitar 
 What country is Kraftwerk from?	https://www.wikidata.org/wiki/Q44892	Germany 
 Who are the members of Run-D.M.C.?	https://www.wikidata.org/wiki/Q159351	Joseph Simmons	Jam Master Jay	Darryl McDaniels 
 Who was the manager of The Beatles?	https://www.wikidata.org/wiki/Q1299	Brian Epstein 
 Who founded Metallica?	https://www.wikidata.org/wiki/Q15920	James Hetfield	Lars Ulrich 
 What class of instruments does the flute belong to?	https://www.wikidata.org/wiki/Q11405	woodwind instruments 
 What is Mozart's birth name?	https://www.wikidata.org/wiki/Q254	Johannes Chrysostomus Wolfgangus Theophilus Mozart 
 Who is the drummer of the Red Hot Chili Peppers?	http://www.wikidata.org/entity/Q10708	Chad Smith 
 What is the occupation of Larnell Lewis?	http://www.wikidata.org/entity/Q62168380	Drummer 
 What is the genre of the music of Miles Davis?	http://www.wikidata.org/entity/Q93341	Jazz 
 What are the names of the bands Corey Taylor sings in?	http://www.wikidata.org/entity/Q295120	Slipknot	Stone Sour 
 When was the band Slipknot founded?	http://www.wikidata.org/entity/Q254138	1995 
 What is the name of all the record labels that Linkin Park has had?	http://www.wikidata.org/entity/Q261	Warner Bros. Records	Machine Shop Records	Warner Music Group 
 Who are the members of Twenty One Pilots?	http://www.wikidata.org/entity/Q7857806	Tyler Joseph	Joshua William Dun 
 Which country does Snarky Puppy come from?	http://www.wikidata.org/entity/Q7547407	United States of America 
 When did Johann Sebastian Bach die?	http://www.wikidata.org/entity/Q1339	38 July 1750 
 Who created the album Blood Sugar Sex Magik?	http://www.wikidata.org/entity/Q329396	Red Hot Chili Peppers 
 What was Stevie Wonder's birth name?	https://www.wikidata.org/wiki/Q714	Stevland Hardaway Judkins 
 Who is AC/DC's longest lasting band member?	https://www.wikidata.org/wiki/Q27593	Angus Young 
 Who is the king of pop?	https://www.wikidata.org/wiki/Q2831	Michael Jackson 
 How many singles did the third most sold single in the UK sell?	https://www.wikidata.org/wiki/Q16996416	2,540,604 
 When was John Lennon's killer born?	https://www.wikidata.org/wiki/Q80462	10 May 1955 
 How many songs did queen record between 1971 and 2014?	https://www.wikidata.org/wiki/Q154291	A lot 
 When was Spotify founded?	https://www.wikidata.org/wiki/Q689141	23 April 2006 
 Who was Wolfgang Amadeus Mozart's father's father's child?	https://www.wikidata.org/wiki/Q1589201	Leopold Mozart 
 Which award did Christopher Tin receive for Baba Yetu?	https://www.wikidata.org/wiki/Q1087016	Grammy Award for Best Arrangement, Instrumental and Vocals 
 What were Queen's second to first and Queen's last song between 1971 and 2014?	https://www.wikidata.org/wiki/Q154291	Action This Day	A Dozen Red Roses For My Darling 
 How fast is the song "Zombie"?	https://www.wikidata.org/wiki/Q169298	84 (beats per minute) 
 Which song is the European union's anthem based on?	https://www.wikidata.org/wiki/Q11993	Ode to joy	Symphony No. 9 
 What year was Dream theater founded?	https://www.wikidata.org/wiki/Q162586	1985 
 What genre does Green Day play?	https://www.wikidata.org/wiki/Q47871	pop punk	alternative rock	punk rock	rock music 
 When did Frank Sinatra die?	https://www.wikidata.org/wiki/Q40912	14 May 1998 
 What awards have De Jeugd van Tegenwoordig received?	https://www.wikidata.org/wiki/Q2177479	Golden Harp	Popprijs 
 Where is Henk Wijngaard born?	https://www.wikidata.org/wiki/Q685768	Stadskanaal 
 Where is Pink Floyd formated?	https://www.wikidata.org/wiki/Q2306	London 
 What is Snoop Dogg's birth name?	https://www.wikidata.org/wiki/Q6096	Calvin Cordozar Broadus Jr. 
 What is the cause of Michael Jackson's death?	https://www.wikidata.org/wiki/Q2831	combined drug intoxication	myocardial infarction 
 What ìnstrument does Slash play?	https://www.wikidata.org/wiki/Q34166	Guitar 
 What ìs the residence of Martin Garrix?	https://www.wikidata.org/wiki/Q14544318	Amstelveen 
 Who are the members of Metallica?	https://www.wikidata.org/wiki/Q15920	Lars Ulrich	Kirk Hammett	Robert Trujillo	James Hetfield 
 What is the country of origin of The Beatles?	https://www.wikidata.org/wiki/Q1299	United Kingdom 
 How many albums has Queen made?	https://www.wikidata.org/wiki/Q59263377	8 
 When was Universal Music founded?	https://www.wikidata.org/wiki/Q38903	September 1934 
 What is the highest note on a piano?	https://www.wikidata.org/wiki/Q5994	Eighth octave C 
 What award was awarded to Michael Jackson most recently?	https://www.wikidata.org/wiki/Q2831	Grammy Lifetime Achievement Award 
 How many members does Maroon 5 have?	https://www.wikidata.org/wiki/Q182223	4 
 Where was Armin van Buuren born?	https://www.wikidata.org/wiki/Q62617	Leiden 
 When did the Foo Fighters start?	https://www.wikidata.org/wiki/Q483718	1994 
 Where is Elvis Presley buried?	https://www.wikidata.org/wiki/Q303	Graceland 
 How many band members did the Beatles have in 1960?	https://www.wikidata.org/wiki/Q1299	7 
 Which member of the Beatles was the youngest?	https://www.wikidata.org/wiki/Q1299	George Harrison 
 Who were the band members of the Beatles?	https://www.wikidata.org/wiki/Q1299	John Lennon	Ringo Starr	Paul McCartney	George Harrison	Pete Best	Stuart Sutcliffe	Chas Newby	Tommy Moore 
 Did Ludwig van Beethoven influence the Beatles?	https://www.wikidata.org/wiki/Q1299	Yes 
 Did Louis Armstrong influence the Beatles?	https://www.wikidata.org/wiki/Q1299	No 
 How old was Ella Fitzgerald when she died?	https://www.wikidata.org/wiki/Q1768	79 
 Do you know how old Ella Fitzgerald was when she died?	https://www.wikidata.org/wiki/Q1768	Yes 
 How did Tony Barrow nickname the Beatles?	https://www.wikidata.org/wiki/Q1299	The Fab Four 
 In what manner did the Beatles' manager die?	https://www.wikidata.org/wiki/Q203690	Suicide 
 By who was Ella Fitzgerald influenced?	https://www.wikidata.org/wiki/Q1768	Maxine Sullivan 
 Who sings Take me to church?	https://www.wikidata.org/wiki/Q18220127	Hozier 
 What is drum and bass a subgenre of?	https://www.wikidata.org/wiki/Q188994	electronic music	electronic dance music 
 When did the Beatles break up?	https://www.wikidata.org/wiki/Q1299	10 April 1970 
 What is Lady Gaga's real name?	https://www.wikidata.org/wiki/Q19848	Stefani Joanne Angelina Germanotta 
 When did Beyonce start her career?	https://www.wikidata.org/wiki/Q36153	1997 
 Which bands was Dave Grohl in?	https://www.wikidata.org/wiki/Q12006	Nirvana	Foo Fighters	Them Crooked Vultures 
 What is Elvis Presley's signature look?	https://www.wikidata.org/wiki/Q303	jumpsuit	sideburns 
 Who were Mozart's teachers?	https://www.wikidata.org/wiki/Q254	Johann Schobert	Johann Christian Bach 
 What instruments does Bob Dylan play?	https://www.wikidata.org/wiki/Q392	guitar	harmonica	piano 
 What band was Madonna the drummer of?	https://www.wikidata.org/wiki/Q1744	Breakfast Club 
 Where is Michael Jackson born?	https://www.wikidata.org/wiki/Q2831	Gary 
 When did Michael Jackson die?	https://www.wikidata.org/wiki/Q2831	25-06-2009 
 When did ABBA stop?	https://www.wikidata.org/wiki/Q18233	1982 
 What is the occupation of Stef Bos?	https://www.wikidata.org/wiki/Q547669	Singer	Translator	Actor 
 Which languages does ABBA use??	https://www.wikidata.org/wiki/Q18233	English	Spanish 
 When did ABBA stop?	https://www.wikidata.org/wiki/Q18233	1982 
 In which country did ABBA start?	https://www.wikidata.org/wiki/Q18233	Sweden 
 Where the headquarter of TopNotch	https://www.wikidata.org/wiki/Q1688849	Amsterdam 
 What is the birth name of Dio	https://www.wikidata.org/wiki/Q2794881	Diorno Dylyano Braaf 
 What is the genre of Dio's music?	hhttps://www.wikidata.org/wiki/Q2794881	hip hop music 
 When was The Red Hot Chili Peppers formed?	https://www.wikidata.org/wiki/Q10708	1983 
 Who are the members of The Red Hot Chili peppers?	https://www.wikidata.org/wiki/Q10708	Flea	John Frusciante	Anthony Kiedis	Chad Smith	Dave Navarro 
 When did Tupac Shakur died?	https://www.wikidata.org/wiki/Q6107	13-09-1996 
 How did Tupac Shakur died?	https://www.wikidata.org/wiki/Q6107	Homicide 
 What was de spouse of Andre Hazes?	https://www.wikidata.org/wiki/Q519588	Rachel Hazes 
 What is notable song of Gnarls Barkley	https://www.wikidata.org/wiki/Q726773	Crazy 
 What is the genre of Joris Voorn his music?	https://www.wikidata.org/wiki/Q1704007	Techno 
 What kind of group is Linkin Park?	https://www.wikidata.org/wiki/Q261	Rock band 
 When was Nirvana founded?	https://www.wikidata.org/wiki/Q11649	1987 
 What are the record labels of Coldplay?	https://www.wikidata.org/wiki/Q45188	Capitol Records	Atlantic Records 
 Where is the band Volbeat originally from?	https://www.wikidata.org/wiki/Q279105	Denmark 
 Who was the performer behind Appleknockers Flophouse?	https://www.wikidata.org/wiki/Q50321392	Cuby + Blizzards 
 What materials are a guitar made of?	https://www.wikidata.org/wiki/Q6607	maple	mahogany 
 What year was the cello instrument of the year?	https://www.wikidata.org/wiki/Q8371	2018 
 How do you call someone who plays the cello?	https://www.wikidata.org/wiki/Q8371	cellist 
 What is Stevie Wonder's medical condition?	https://www.wikidata.org/wiki/Q714	blindness 
 Who sang Does Your Mother Know?	https://www.wikidata.org/wiki/Q1234579	ABBA 
 What album followed ABBA: The Album?	https://www.wikidata.org/wiki/Q832259	Voulez-Vous 
 How did Kurt Cobain name his kid?	https://www.wikidata.org/wiki/Q8446	Frances Bean Cobain 
 Which three record labels did Nirvana have?	https://www.wikidata.org/wiki/Q11649	DGC Records	Geffen Records	Sub Pop 
 What is the name of Taylor Swift's mother?	https://www.wikidata.org/wiki/Q26876	Andrea Finlay 
 What genre does The Script play?	https://www.wikidata.org/wiki/Q459585	Pop rock 
 What is Katy Perry's full birth name?	https://www.wikidata.org/wiki/Q42493	Katheryn Elizabeth Hudson 
 When did David Bowie die?	https://www.wikidata.org/wiki/Q5383	10-01-2016 
 What are Troye Sivan's occupations?	https://www.wikidata.org/wiki/Q1362028	Actor	Singer-songwriter	YouTuber 
 How many songs are on the Frozen soundtrack?	https://www.wikidata.org/wiki/Q15530976	10 
 In what countries is Avril Lavigne a citizen?	https://www.wikidata.org/wiki/Q30449	Canada	France 
 Who are Marco Borsato's children?	https://www.wikidata.org/wiki/Q429385	Luca Borsato	Jada Borsato	Senna Borsato 
 What language does Kelly Clarkson speak?	https://www.wikidata.org/wiki/Q483507	English 
 For what award was Sara Bareilles nominated?	https://www.wikidata.org/wiki/Q230445	Tony Award for Best Original Score 
 In what year did Elvis Presley die?	https://www.wikidata.org/wiki/Q303	1977 
 Which American duo released an album entitled "Bookends"?	https://www.wikidata.org/wiki/Q796762	Simon &amp; Garfunkel 
 "Bohemian Rhapsody" is a song by which group?	https://www.wikidata.org/wiki/Q187745	Queen 
 What is the first name of compose Vivaldi?	https://www.wikidata.org/wiki/Q1340	Antonio 
 What is the first name of compose Vivaldi?	http://www.wikidata.org/entity/Q719447	Antonio 
 In which European city was Swedish pop group ABBA formed in 1972?	https://www.wikidata.org/wiki/Q18233	Stockholm 
 Who managed the Beatles prior to his early death in 1967?	https://www.wikidata.org/wiki/Q1299	Brian Epstein 
 The Copacabana nightclub was in which city?	https://www.wikidata.org/wiki/Q1130938	New York 
 What is Madonna's birth name?	https://www.wikidata.org/wiki/Q1744	Madonna Louise Ciccone 
 Who had the 1965 instrumental hit Spanish Flea?	https://www.wikidata.org/wiki/Q2306834	Herb Alpert  
 What country does A-Ha originate from?	https://www.wikidata.org/wiki/Q156305	Norway 
 Who are the members of Wham!?	https://www.wikidata.org/wiki/Q744087	George Michael	Andrew Ridgeley 
 What bands has Dave Grohl been a part of?	https://www.wikidata.org/wiki/Q12006	Nirvana	Foo Fighters	Them Crooked Vultures 
 In what year was the song "Happy Birthday To You" first published?	https://www.wikidata.org/wiki/Q167545	1935 
 What is Lady Gaga's real name?	https://www.wikidata.org/wiki/Q19848	Stefani Joanne Angelina Germanotta 
 Where was Freddie Mercury born?	https://www.wikidata.org/wiki/Q15869	Zanzibar City 
 What was the cause of Otis Redding's death?	https://www.wikidata.org/wiki/Q217839	Aviation accident 
 For what film was "The Circle of Life" written?	https://www.wikidata.org/wiki/Q109026	The Lion King 
 When did the Jonas Brothers quit?	https://www.wikidata.org/wiki/Q134233	2013 
 What album was Toto's "Africa" on?	https://www.wikidata.org/wiki/Q383842	Toto IV 
 When did Symphony X release The Odyssey?	https://www.wikidata.org/wiki/Q917111	2002 
 Is the founder of the band DIO still alive?	https://www.wikidata.org/wiki/Q185151	No 
 Which instrument does Michael Romeo play?	https://www.wikidata.org/wiki/Q446286	guitar 
 Who are the current members of Dream Theater?	https://www.wikidata.org/wiki/Q162586	John Petrucci	John Myung	James LaBrie	Jordan Rudess	Mike Mangini 
 From which album came the Dream Theater song A Change of Seasons?	https://www.wikidata.org/wiki/Q3508223	A Change of Seasons 
 What is the first song from Images and Words?	https://www.wikidata.org/wiki/Q643906	Pull Me Under 
 Who wrote the song Bohemian Rhapsody?	https://www.wikidata.org/wiki/Q187745	Freddie Mercury 
 How did David Bowie Die?	https://www.wikidata.org/wiki/Q5383	liver cancer 
 Which genre of music does Sabaton play?	https://www.wikidata.org/wiki/Q740159	heavy metal	power metal	thrash metal 
 Of which progressive rock band is Matthew Bellamy a member?	https://www.wikidata.org/wiki/Q22151	Muse 
 When was Elvis Presley born?	http://www.wikidata.org/entity/Q303	8 January 1935 
 Where does Ch!pz come from?	http://www.wikidata.org/entity/Q200008	Netherlands 
 What awards did the song 'Can You Feel The Love Tonight' by Elton John win?	http://www.wikidata.org/entity/Q1031911	Academy Award for Best Original Song	Golden Globe Award for Best Original Song 
 What is the real name of rapper Yes-R?	http://www.wikidata.org/entity/Q1398870	Yesser Roshdy 
 What genre did Bob Marley play?	http://www.wikidata.org/entity/Q409	Reggae 
 What are the albums of Adele?	http://www.wikidata.org/entity/Q57781508	19	21	25 
 What band was Justin Timberlake part of?	http://www.wikidata.org/entity/Q43432	NSYNC 
 Who was the composer of Für Elise?	http://www.wikidata.org/entity/Q11980	Ludwig van Beethoven 
 What voice type does Robbie Williams have?	http://www.wikidata.org/entity/Q47875	Tenor 
 What were the members of Destiny's Child?	http://www.wikidata.org/entity/Q153056	LeToya Luckett	Beyoncé	Kelly Rowland	Michelle Williams	LaTavia Roberson	Farrah Franklin 
 What's the real name of Lady Gaga?	https://www.wikidata.org/wiki/Q19848	Stefani Germanotta 
 Where was Justin Bieber born?	https://www.wikidata.org/wiki/Q34086	London 
 Who are the members of Queen?	https://www.wikidata.org/wiki/Q6368317	Freddie Mercury	John Deacon	Roger Taylor	Brian May 
 How did Prince die?	https://www.wikidata.org/wiki/Q7542	Drug overdose 
 Who was the first child of Michael Jackson?	https://www.wikidata.org/wiki/Q7244161	Prince-Michael Joseph Jackson 
 When was Thriller by Michael Jackson released?	https://www.wikidata.org/wiki/Q44320	30-10-1982 
 Who is Michael Jacksons father?	https://www.wikidata.org/wiki/Q2831	Joe Jackson 
 Which languages does Shakira speak?	https://www.wikidata.org/wiki/Q34424	Spanish	English	Italian	Portuguese	French 
 Is Shakira a model?	https://www.wikidata.org/wiki/Q34424	Yes 
 Which group is Gerard Joling a member of?	https://www.wikidata.org/wiki/Q1372602	De Toppers 
 What was the most streamed song to date?	https://www.wikidata.org/wiki/Q59162147	Shape of You 
 What was the most best selling album to date?	https://www.wikidata.org/wiki/Q44320	Thriller 
 What was the name of the first concert ever held?	https://www.wikidata.org/wiki/Q6907707	Moondog Coronation Ball 
 When was the first song recorded?	https://www.wikidata.org/wiki/Q758389	18th Century 
 Who invented music?	https://www.wikidata.org/wiki/Q192238	Guido of Arezzo 
 What is the study of music called?	https://www.wikidata.org/wiki/Q208365	Ethnomusicology 
 When did Michael Jackson die?	https://www.wikidata.org/wiki/Q2831	25-06-2009 
 Who is the king of Rock'n'Roll?	https://www.wikidata.org/wiki/Q303	Elvis Presley 
 Who were the members of the Eagles?	https://www.wikidata.org/wiki/Q189635	Glenn Frey	Don Henley	Timothy Bruce Schmit	Joe Walsh	Don Felder	Randy Meisner	Bernie Leadon 
 Who was the most popular band to date?	https://www.wikidata.org/wiki/Q1299	The Beatles 
 What does EDM stand for?	http://www.wikidata.org/entity/Q851213	Electronic dance music 
 Who are the members of Queen?	http://www.wikidata.org/entity/Q15862	Freddie Mercury	Brian May	Roger Taylor	John Deacon 
 When did Whitney Houston die?	http://www.wikidata.org/entity/Q34389	2012-02-11 
 What's the name of the husband of Whitney Houston?	http://www.wikidata.org/entity/Q34389	Bobby Brown 
 When did rock start?	http://www.wikidata.org/entity/Q11399	1950s 
 What is Avicii's real name?	http://www.wikidata.org/entity/Q505476	Tim Bergling 
 What is Linkin Park's official website?	http://www.wikidata.org/entity/Q261	https://linkinpark.com/ 
 What movement was Mozart a part of?	http://www.wikidata.org/entity/Q254	Classical period 
 What is rapping?	http://www.wikidata.org/entity/Q6010	Vocal technique used with spoken or chanted rhyming lyrics. 
 What is Eminem's nickname?	http://www.wikidata.org/entity/Q5608	Slim Shady	Em	M and M	Eminem 
 What is the country of origin of The Rolling Stones?	https://www.wikidata.org/wiki/Q11036	United Kingdom 
 In which album did Bohemian Rhapsody release?	https://www.wikidata.org/wiki/Q187745	A Night at the Opera 
 When was Michael Jackson born?	https://www.wikidata.org/wiki/Q2831	29 August 1958 
 The American band sometimes known as EWF established in 1970 whose genre were: funk, rhythm, and blues. What is the full name of the band?	https://www.wikidata.org/wiki/Q28974	Earth, Wind and Fire 
 What instruments could Wolfgang Amadeus Mozart play?	https://www.wikidata.org/wiki/Q254	Organ	Clavichord	Harpsichord	Fortepiano	Violin	Viola	Piano	Pipe Organ 
 Who are the members of Queen?	https://www.wikidata.org/wiki/Q15862	Freddie Mercury	Brian May	Roger Taylor	John Deacon 
 The song Night Fever released in the year 1978. Who performed this song?	https://www.wikidata.org/wiki/Q2659767	Bee Gees 
 The guitarist Angus Young performs for which rock band? And what year did he start?	https://www.wikidata.org/wiki/Q27593	AC/DC	1973 
 Of the four members of The Beatles, John, Ringo, Paul, and George. Who joined last and what year?	https://www.wikidata.org/wiki/Q1299	Ringo	1962 
 The song I Love Rock 'n' Roll was performed by who?	https://www.wikidata.org/wiki/Q56653497	Joan Jett and the Blackhearts 
 What is the music genre of Bob Marley?	https://www.wikidata.org/wiki/Q409	reggae 
 Who are the members of Fifth Harmony?	https://www.wikidata.org/wiki/Q18921974	Lauren Jauregui	Ally Brooke	Dinah Jane Hansen	Normani 
 How did Prince die?	https://www.wikidata.org/wiki/Q7542	overdosis 
 Where did the Beatles form?	https://www.wikidata.org/wiki/Q1299	Liverpool 
 Who performs the song 'Bitch better have my money"?	https://www.wikidata.org/wiki/Q19688807	Rihanna 
 Where did jazz originate?	https://www.wikidata.org/wiki/Q8341	United States of America 
 When was the inception of blues?	https://www.wikidata.org/wiki/Q9759	1 january 1890 
 Who is the creator of the Grammy Award?	https://www.wikidata.org/wiki/Q41254	National Academy of Recording Arts and Sciences 
 What is Cher's birth name?	https://www.wikidata.org/wiki/Q12003	Cherilyn Sarkisian 
 What is pop music based on?	https://www.wikidata.org/wiki/Q37073	rock-'n-roll 
 Who is the lead singer of Green Day?	https://www.wikidata.org/wiki/Q47871	Billie Joe Armstrong 
 What genre is the music of the band Imagine Dragons?	https://www.wikidata.org/wiki/Q391348	Rock 
 What kind of person practises music with the violin?	https://www.wikidata.org/wiki/Q8355	Violinist 
 What roles did Freddie Mercury have in the band Queen?	https://www.wikidata.org/wiki/Q15869	Lead Vocalist	Songwriter 
 The band Muse was started in?	https://www.wikidata.org/wiki/Q22151	1994 
 The place of birth of Johann Sebastian Bach was?	https://www.wikidata.org/wiki/Q1339	Eisenach 
 What are three different kinds of music genres?	https://www.wikidata.org/wiki/Q9778	Electronic music	J-pop	Surf music 
 What was the cause of death of Mozart?	https://www.wikidata.org/wiki/Q254	Streptococcal Pharyngitis 
 What partners has Ariana Grande had?	https://www.wikidata.org/wiki/Q151892	Pete Davidson	Mac Miller	Big Sean	Nathan Sykes 
 The middle name of James Arthur is?	https://www.wikidata.org/wiki/Q717626	Andrew 
 When did Notorious B.I.G die?	https://www.wikidata.org/wiki/Q179157	1997-03-09 
 Who are the members of the Red Hot Chili Peppers?	https://www.wikidata.org/wiki/Q10708	Flea	John Frusciante	Anthony Kiedis	Chad Smith	Dave Navarro 
 What is the nickname of Bruce Springsteen?	https://www.wikidata.org/wiki/Q1225	The Boss 
 Who produced the song Shape of My Heart by Sting?	https://www.wikidata.org/wiki/Q3481461	Hugh Padgham 
 Which two men formed Simon and Garfunkel?	https://www.wikidata.org/wiki/Q484918	Paul Simon	Art Garfunkel 
 On which album of Coldplay was the song Don't Panic published?	https://www.wikidata.org/wiki/Q1772955	Parachutes 
 Which band made the song another 45 miles?	https://www.wikidata.org/wiki/Q51039792	Golden Earring 
 In which city was rapper Meek Mill born?	https://www.wikidata.org/wiki/Q1897911	Philadelphia 
 How many kids does Jay-Z have?	https://www.wikidata.org/wiki/Q62766	3 
 Which two rappers formed the group Mobb Deep?	https://www.wikidata.org/wiki/Q727115	Havoc	Prodigy 
 What musical period anteceded the Romantic?	https://www.wikidata.org/wiki/Q207591	Classical period 
 In what tonality is Tchaikovsky's Piano Concerto No.1?	https://www.wikidata.org/wiki/Q162935	B-flat minor 
 Who composed the three Gymnopedies in 1888?	https://www.wikidata.org/wiki/Q1190965	Erik Satie 
 What classical movement is Bach's music usually attributed to?	https://www.wikidata.org/wiki/Q1339	Baroque music 
 In what poem is Beethoven's Symphony No. 9 based on?	https://www.wikidata.org/wiki/Q11989	Ode to Joy 
 In what city did the band Nirvana form in?	https://www.wikidata.org/wiki/Q11649	Aberdeen 
 In what city was Brhams born?	https://www.wikidata.org/wiki/Q7294	Hamburg 
 What killed Mozart?	https://www.wikidata.org/wiki/Q254	Streptococcal pharyngitis 
 What music genre is the band Pixies usually associated with?	https://www.wikidata.org/wiki/Q188464	Alternative Rock 
 What label were the Beatles registred with?	https://www.wikidata.org/wiki/Q1299	Apple Records 
 Where were the Foo fighters formed?	http://www.wikidata.org/entity/Q483718	Seattle 
 When was Donnie born?	http://www.wikidata.org/entity/Q27187778	1994 
 What genre is music form the band De Dijk?	http://www.wikidata.org/entity/Q1392924	rock music 
 When was Anouk born?	http://www.wikidata.org/entity/Q46087	8 April 1975 
 What is Ali B his real name?	http://www.wikidata.org/entity/Q2439541	Ali Bouali 
 Who is the lead guitarist of AC/DC?	http://www.wikidata.org/entity/Q27593	Angus Young 
 Who are the members of Daft Punk?	http://www.wikidata.org/entity/Q185828	Thomas Bangalter	Guy-Manuel de Homem-Christo 
 What are the parts of a guitar?	http://www.wikidata.org/entity/Q6607	neck	body 
 What is the superclass for classical guitar?	http://www.wikidata.org/entity/Q719120	guitar 
 What is the birthname of Paco de Lucía?	http://www.wikidata.org/entity/Q153300	Francisco Sánchez Gómez 
 Who is the leadsinger of Nirvana?	https://www.wikidata.org/wiki/Q11649	Kurt Kobain 
 When did Tupac die?	https://www.wikidata.org/wiki/Q6107	13 September 1996 
 What genre of music does No Doubt make?	https://www.wikidata.org/wiki/Q43259	rock music 	alternative rock	reggae rock	reggae fusion	ska punk	pop music	post-grunge	punk rock	new wave	pop rock	ska	pop punk 
 Which instruments does Lionel Richie play?	https://www.wikidata.org/wiki/Q26695	Saxophone	Piano	Voice 
 What is Eminems real name?	https://www.wikidata.org/wiki/Q5608	Marshall Matters 
 How old is Maluma?	https://www.wikidata.org/wiki/Q17517186	25 
 Where is Ed Sheeran born?	https://www.wikidata.org/wiki/Q47447	Halifax 
 Who are the members of the Eagles?	https://www.wikidata.org/wiki/Q189635	Glenn Frey	Don Henley		Timothy Bruce Schmit	Joe Walsh	Don Felder	Randy Meisner	Bernie Leadon 
 What gender is Skrillex?	https://www.wikidata.org/wiki/Q19004	male 
 Where is Camilo Cabello from?	https://www.wikidata.org/wiki/Q18810940	United States of America 
 Wat is the name of Ariana Grande's pet pig?	https://www.wikidata.org/wiki/Q151892	Piggy Smalls 
 When was Beyoncé born?	https://www.wikidata.org/wiki/Q36153	04-09-1981 
 What is Lady Gaga's real name?	https://www.wikidata.org/wiki/Q19848	Stefani Joanne Angelina Germanotta 
 Who invented the piano?	https://www.wikidata.org/wiki/Q5994	Bartolomeo Cristofori 
 How tall is Talor Swift?	https://www.wikidata.org/wiki/Q26876	178 cm 
 How many children did Johann Sebastian Bach have?	https://www.wikidata.org/wiki/Q1339	20 
 Where is Michael Jackson buried?	https://www.wikidata.org/wiki/Q2831	Forest Lawn Memorial Park 
 What was the cause of Mozart's death?	https://www.wikidata.org/wiki/Q254	streptococcal pharyngitis 
 Who were the members of One Direction?	https://www.wikidata.org/wiki/Q146027	Niall Horan	Zayn Malik	Liam Payne	Louis Tomlinson	Harry Styles 
 What is the study of music called?	https://www.wikidata.org/wiki/Q638	musicology 
 Who was the manager of The Beatles?	https://www.wikidata.org/wiki/Q203690	Brian Epstein 
 What music did Bob Marley make?	https://m.wikidata.org/wiki/Q9794	reggae 
 From which band is the song Bohemian Rapsody?	https://m.wikidata.org/wiki/Q15862	Queen 
 Due to what did Amy Winehouse die?	https://m.wikidata.org/wiki/Q3505252	drug overdose 
 In which country lived Avicii?	https://m.wikidata.org/wiki/Q34	Sweden 
 Who is Beyoncé’s spouse?	https://m.wikidata.org/wiki/Q62766	Jay-Z 
 In which city is Lady Gaga born?	https://m.wikidata.org/wiki/Q11299	Manhattan 
 What is the birthplace of Robby Williams?	https://m.wikidata.org/wiki/Q134902	Stoke-On-Trent 
 From who is the album Off the Wall?	https://m.wikidata.org/wiki/Q2831	Michael Jackson 
 Which album of Michael Jackson followed by Off the Wall?	https://m.wikidata.org/wiki/Q625491	One Day In Your Life 
 When did the beatles break up?	https://www.wikidata.org/wiki/Q1299	10-04-1970 
 Where was Kraantje Pappie Born?	https://www.wikidata.org/wiki/Q13627524	Rozenburg 
 Where did Guus Meeuwis educate?	https://www.wikidata.org/wiki/Q1235717	Tilburg University 
 Which country is Queen from?	https://www.wikidata.org/wiki/Q15862	United Kingdom 
 Who are the members of Queen?	http://www.wikidata.org/entity/Q15862	Freddie Mercury	Brian May	Roger Taylor	John Deacon 
 When did Freddie Mercury die?	https://www.wikidata.org/wiki/Q15869	24-11-1991 
 Where did Mozart die?	https://www.wikidata.org/wiki/Q254	Vienna 
 From whom is the song Bohemian Rhapsody?	https://www.wikidata.org/wiki/Q187745	Queen 
 When was Lil' Kleine born?	https://www.wikidata.org/wiki/Q20895739	15-10-1994 
 Who are the members of The Rolling Stones?	http://www.wikidata.org/entity/Q11036	Mick Jagger	Keith Richards	Charlie Watts	Ronnie Wood	Brian Jones	Mick Taylor	Bill Wyman 
 What is the record label of BTS?	https://www.wikidata.org/wiki/Q13580495	Big Hit Entertainment 
 Who are the members of BTS?	https://www.wikidata.org/wiki/Q13580495	V	J-Hope	Jin	Jungkook	Suga	RM 
 What is the country of origin of BTS	https://www.wikidata.org/wiki/Q13580495	South Korea 
 When was Frans Bauer born?	https://www.wikidata.org/wiki/Q607838	1973-12-30 
 Where was Frans Bauer born?	https://www.wikidata.org/wiki/Q607838	Roosendaal 
 What are the members of Linkin Park?	https://www.wikidata.org/wiki/Q261	Brad Delson	Joseph Hahn	Mike Shinoda	Chester Bennington	Phoenix	Rob Bourdon	Mark Wakefield 
 When did Chester Bennington die?	https://www.wikidata.org/wiki/Q19198	2017-07-20 
 How did Chester Bennington die?	https://www.wikidata.org/wiki/Q19198	Suicide 
 What is the genre of BTS?	hhttps://www.wikidata.org/wiki/Q13580495	K-pop 
 What are the members of Black Pink?	https://www.wikidata.org/wiki/Q25056945	Jisoo	Rosé	Lalisa Manoban	Jennie Kim 
 How many members does Black Pink have?	https://www.wikidata.org/wiki/Q25056945	4 
 When was Jimi Hendrix born?	https://www.wikidata.org/wiki/Q5928	1942-11-27 
 Who composed Happy Birthday song?	https://www.wikidata.org/wiki/Q167545	Mildred J. Hill	Patty Hill 
 Who is the drummer of Metallica band?	https://www.wikidata.org/wiki/Q106193	Lars Ulrich 
 In what genres does Taylor Swift perform?	https://www.wikidata.org/wiki/Q26876	country music	pop rock 
 What is Ariana Grande's voice type?	https://www.wikidata.org/wiki/Q151892	soprano leggero 
 In what year did The Beatles group dissolve?	https://www.wikidata.org/wiki/Q1299	1970 
 When did The Beatles stop performing?	https://www.wikidata.org/wiki/Q1299	1970 
 When was song Amazing Grace released?	https://www.wikidata.org/wiki/Q210211	1970 
 Where was J. S. Bach born?	https://www.wikidata.org/wiki/Q1339	Eisenach 
 Did Mozart play on violin?	https://www.wikidata.org/wiki/Q254	Yes 
 Who sings Who Let the Dogs Out?	https://www.wikidata.org/wiki/Q3284275	Baha Men 
 Which country pop singer was born 'Eilleen Regina Edwards'?	https://www.wikidata.org/wiki/Q131433	Shania Twain 
 Is Miley Cyrus the daughter of country singer Billy Ray Cyrus?	https://www.wikidata.org/wiki/Q4235	Yes 
 What is the better known stage name of Robyn Fenty?	https://www.wikidata.org/wiki/Q36844	Rihanna 
 How many strings does a violin usually have?	https://www.wikidata.org/wiki/Q8355	four 
 Where was was Elvis discovered dead in 1977?	https://www.wikidata.org/wiki/Q303	Graceland 
 Stewart Copeland was the drummer with which band?	https://www.wikidata.org/wiki/Q315711	The Police 
 What is the definition of music?	https://www.wikidata.org/wiki/Q638	form of art using sound 
 Which group comprised John Phillips, Denny Doherty, Cass Elliot, and Michelle Phillips?	https://www.wikidata.org/wiki/Q211277	The Mama's and the Papa's 
 The Dutch rock band ‘Golden Earring’ consisted of which band members?	https://www.wikidata.org/wiki/Q728049	Rinus Gerritsen	Barry Andrew Hay	George Kooymans	Cesar Zuiderwijk 
 What band is Ozzy Osbourne a member of?	https://www.wikidata.org/wiki/Q133151	Black Sabbath 
 What genre does Miles Davis play?	https://www.wikidata.org/wiki/Q93341	Jazz 
 When was the studio album 2112 released?	https://www.wikidata.org/wiki/Q204404	1976 
 Where was the music group NSYNC formed?	https://www.wikidata.org/wiki/Q154454	Orlando, Florida 
 Was Jimi Hendrix left or right handed?	https://www.wikidata.org/wiki/Q5928	Left-Handed 
 Where was Woodstock Festival?	https://www.wikidata.org/wiki/Q164815	Bethel, New York 
 What is the artist Prince's real name?	https://www.wikidata.org/wiki/Q7542	Prince Rogers Nelson 
 Which note is the lowest on a bass guitar?	https://www.wikidata.org/wiki/Q46185	D 
 How do you spell xylophone in Dutch?	https://www.wikidata.org/wiki/Q165666	Xylofoon 
 Who was the composer of the movie Interstellar?	https://www.wikidata.org/wiki/Q13417189	Hans Zimmer 
 Who is the singer of Red Hot Chili Peppers	https://www.wikidata.org/wiki/Q10708	Anthony Kiedis 
 How did Bob Marley die	https://www.wikidata.org/wiki/Q409	Natural causes (melanoma) 
 What languages does Justin Bieber speak	https://www.wikidata.org/wiki/Q34086	English 
 Who is the inventor of the Saxophone	https://www.wikidata.org/wiki/Q9798	Adolphe Sax 
 What is the Dutch definition of music	https://www.wikidata.org/wiki/Q638	kunstvorm die gebruikmaakt van klanken, geschikt in een bepaald ritme 
 What do you call the study of music	https://www.wikidata.org/wiki/Q638	musicology 
 What is the country of origin for Techno	https://www.wikidata.org/wiki/Q170611	United States of America 
 What type of instrument does a drum kit belong to	https://www.wikidata.org/wiki/Q128309	percussion insstrument 
 When was the piano invented	https://www.wikidata.org/wiki/Q5994	1720 
 Who wrote the 3 compositions known as Gymnopédies	https://www.wikidata.org/wiki/Q1190965	Erik Satie 
 What is the study of music called?	http://www.wikidata.org/entity/Q164204	musicology 
 What were Mozart's first names?	http://www.wikidata.org/entity/Q2589157	Wolfgang	Amadeus	Theophilus	Johannes	Chrysostom 
 Who were the members of British rock band 'Queen'?	https://www.wikidata.org/entity/Q15869	Freddie Mercury	Brian May	Roger Taylor	John Deacon 
 Who performed the theme song for the American television sitcom 'Friends'?	https://www.wikidata.org/entity/Q1334434	The Rembrandts 
 In what year was the album 'Thriller' by Michael Jackson released?	https://www.wikidata.org/entity/Q2436	1982 
 How many albums did English rock band The Beatles release?	https://www.wikidata.org/entity/Q37141	13 
 By what stage name was Swedish DJ Tim Bergling known?	https://www.wikidata.org/entity/Q505476	Avicii 
 What city was the birth place of American singer-songwriter Billy Joel?	https://www.wikidata.org/entity/Q60	New York City 
 What British rock band is Will Champion the drummer of?	https://www.wikidata.org/entity/Q45188	Coldplay 
 What first name do the English singer-songwriters with the last names Morrison and Blount share?	http://www.wikidata.org/entity/Q677191	James 
 When did Tupac Shakur die?	http://www.wikidata.org/entity/Q6107	1996-09-13 
 Who are the members of Wu-Tang Clan?	http://www.wikidata.org/entity/Q2329709	Pusha T	No Malice 
 Where was Kendrick Lamar born?	http://www.wikidata.org/entity/Q487119	Compton 
 When was Outkast formed?	http://www.wikidata.org/entity/Q472595	1992 
 What album is N.Y. State of Mind a part of?	http://www.wikidata.org/entity/Q17061088	Illmatic 
 Who is the rapper of 4 Your Eyez Only?	http://www.wikidata.org/entity/Q27981679	J. Cole 
 What record label produced The College Dropout?	http://www.wikidata.org/entity/Q747526	Roc-A-Fella Records 
 What is the genre of Nuthin’ but a ‘G’ Thang?	http://www.wikidata.org/entity/Q1933481	Illmatic 
 What album is N.Y. State of Mind a part of?	http://www.wikidata.org/entity/Q17061088	Illmatic 
 When was Graduation by Kanye West released?	http://www.wikidata.org/entity/Q33240	2007-09-05 
 What is steak?	https://www.wikidata.org/entity/Q213062	a cut of meat (e.g. beef, pork) 
 What color is an apple?	https://www.wikidata.org/entity/Q89	red	green	yellow 
 Who is the sandwich named after?	https://www.wikidata.org/entity/Q28803	John Montagu, 4th Earl of Sandwich 
 What are kitchens used for?	https://www.wikidata.org/entity/Q43164	Cooking 
 What is cider made of?	https://www.wikidata.org/entity/Q167296	Cider apples 
 Where do brownies come from?	https://www.wikidata.org/entity/Q503129	The United States of America 
 How is honey produced?	https://www.wikidata.org/entity/Q10987	Beekeeping 
 What is the price of rice?	https://www.wikidata.org/entity/Q5090	4,150±1 Indian rupee 
 Who manufactures Coca Cola?	https://www.wikidata.org/entity/Q2813	The Coca-Cola Company 
 What are short names for Coca Cola?	https://www.wikidata.org/entity/Q2813	Coca	Cola	Coke 
 When did Michael Jackson die?	https://www.wikidata.org/wiki/Q2831	2009-06-25 
 In what year was De Nederlandse Bachvereniging founded?	https://www.wikidata.org/wiki/Q1180197	1921 
 Where are the Backstreet Boys from?	https://www.wikidata.org/wiki/Q17140	United States of America 
 What tempo does Drum and Bass music typically have?	https://www.wikidata.org/wiki/Q188994	170±10 
 When was Het Dorp by Wim Sonneveld released?	https://www.wikidata.org/wiki/Q2205964	1974-05-18 
 What is the website of BLØF?	https://www.wikidata.org/wiki/Q887154	http://www.blof.nl/ 
 Who are the members of Imagine Dragons?	https://www.wikidata.org/wiki/Q391348	Dan Reynolds	Daniel Wayne Sermón	Ben McKee	Daniiel Platzman 
 Where was Elvis Presley born?	https://www.wikidata.org/wiki/Q303	Tupelo 
 Who composed the Matthew's Passion?	https://www.wikidata.org/wiki/Q379111	Johann Sebastian Bach 
 In what year was the piano invented?	https://www.wikidata.org/wiki/Q5994	1720 
 Who were all the members of the Rolling stones	https://www.wikidata.org/wiki/Q110366	Mick Jagger	Keith Richards	Charlie Watts	Ronnie Wood	Brian Jones	Mick Taylor	Bill Wyman 
 When was Paul McCartney born?	https://www.wikidata.org/wiki/Q2599	1942-18-06 
 When did Micheal Jackson die?	https://www.wikidata.org/wiki/Q2831	2009-25-06 
 When was Micheal Jackson born?	https://www.wikidata.org/wiki/Q2831	1958-29-08 
 In what city was Queen founded?	https://www.wikidata.org/wiki/Q15862	London 
 What are the two things the stage name of ACDC is named after?	https://www.wikidata.org/wiki/Q27593	alternating current	direct current 
 What is the name of the band ACDC was influenced by?	https://www.wikidata.org/wiki/Q27593	Airbourne 
 What is the birth name of the singer Sting?	https://www.wikidata.org/wiki/Q483203	Gordon Matthew Thomas Sumner 
 What is the name of the spouses of Sting?	https://www.wikidata.org/wiki/Q483203	Frances Tomelty	Trudie Styler 
 What is the country of origin of the band ABBA	https://www.wikidata.org/wiki/Q18233	Sweden 
 Where did James Brown die?	https://www.wikidata.org/wiki/Q5950	Atlanta 
 What language does Eric Clapton speak?	https://www.wikidata.org/wiki/Q48187	English 
 What is the birth name of eminem?	https://www.wikidata.org/wiki/Q5608	Marshall Bruce Mathers III 
 Who are the members of the Common Linnets??	https://www.wikidata.org/wiki/Q15229258	Ilse DeLange	Waylon 
 What discipline studies music?	https://www.wikidata.org/wiki/Q638	musicology 
 How did Tupac Shakur die?	https://www.wikidata.org/wiki/Q6107	Homicide 
 In what country is Defqon.1 Festival?	https://www.wikidata.org/wiki/Q582456	Netherlands 
 What is the birth date of The Notorious B.I.G	https://www.wikidata.org/wiki/Q179157	21 May 1972 
 What is the name of Ariana Grande's sibling?	https://www.wikidata.org/wiki/Q151892	Frankie Grande 
 What record labels was Johnny Cash part of?	https://www.wikidata.org/wiki/Q42775	Sun Records	Charly Records	Columbia Records	American Recordings 
 What band was Freddie Mercury in?	https://www.wikidata.org/wiki/Q15862	Queen 
 What piece of music from Civilization IV won a Grammy?	https://www.wikidata.org/wiki/Q29298	Baba Yetu 
 When was the CD invented?	https://www.wikidata.org/wiki/Q34467	1979 
 What was the cause of Amy Winehouse's death?	https://www.wikidata.org/wiki/Q15897	drug overdose 
 Who was the performer of Thriller?	https://www.wikidata.org/wiki/Q15897	Michael Jackson 
 Who owns the intellectual property for CD's?	https://www.wikidata.org/wiki/Q34467	Sony 
 What singer is known as "The king of Rock'n'Roll"?	https://www.wikidata.org/wiki/Q303	Elvis Presley 
 Who are members of The Beatles?	https://www.wikidata.org/wiki/Q1299	John Lennon	Ringo Starr	Paul McCartney	George Harrison	Pete Best	Stuart Sutcliffe	Chas Newby	Tommy Moore 
 What is an art form that uses sound called"?	https://www.wikidata.org/wiki/Q638	Music 
 Who wrote We Will Rock You?	https://www.wikidata.org/wiki/Q326487	Queen	Brian May 
 Who created Bohimian Rapsody?	https://www.wikidata.org/wiki/Q15862	Queen 
 What is the real name of Eminem?	https://www.wikidata.org/wiki/Q5608	Marshall Bruce Mathers III 
 Who are the members of The Beatles?	https://www.wikidata.org/wiki/Q1299	John Lennon	Ringo Starr	Paul McCartney	George Harrison	Pete Best	Stuart Sutcliffe	Chas Newby	Tommy Moore 
 How old was Michael Jackson when he died?	https://www.wikidata.org/wiki/Q2831	50 
 Who created the Star Wars theme?	https://www.wikidata.org/wiki/Q131285	John Williams 
 Where was Wiz Khalifa born?	https://www.wikidata.org/wiki/Q117139	Minot 
 How did Mac Miller die?	https://www.wikidata.org/wiki/Q324726	Drug overdose 
 Where does the music genre Jazz originally come from?	https://www.wikidata.org/wiki/Q8341	United States of America 
 What is the real gender of Lady Gaga	https://www.wikidata.org/wiki/Q19848	Female 
 What is the genre Rihanna plays in?	https://www.wikidata.org/wiki/Q36844	Pop music	Rhythm and blues	Reggae	Hip hop music	Electronic dance music 
 Which guitars did Jimi Hendrix play?	https://www.wikidata.org/wiki/Q5928	Fender Stratocaster	Gibson Flying V 
 Which artist performed on the album Trout Mask Replica?	https://www.wikidata.org/wiki/Q194790	Captain Beefheart 
 Who are the members of the Golden Earring?	https://www.wikidata.org/wiki/Q728049	Rinus Gerritsen	Barry Andrew Hay	George Kooymans	Cesar Zuiderwijk 
 What award did the band that played Little Green Bag receive?	https://www.wikidata.org/wiki/Q2165220	Zilveren Harp 
 When did Mac Miller pass away?	https://www.wikidata.org/wiki/Q324726	7 September 2018 
 What is Kendrick Lamar's family name?	https://www.wikidata.org/wiki/Q130798	Duckworth 
 Who produced Kendrick Lamar's To Pimp a Butterfly?	https://www.wikidata.org/wiki/Q19602856	Dr. Dre 
 What university did Armin van Buren attend?	https://www.wikidata.org/wiki/Q62617	Leiden University 
 Where is Ludovico Einaudi from?	https://www.wikidata.org/wiki/Q83182	Italy 
 What was the cause of the composer Tchaikovsky's death?	https://www.wikidata.org/wiki/Q7315	cholera 
 Who is the performer of the song 'Fireflies'?	https://www.wikidata.org/wiki/Q1165917	Owl City 
 What is the genre of Passenger?	https://www.wikidata.org/wiki/Q653086	contemporary folk music 
 What is the gender of Conchita Wurst?	https://www.wikidata.org/wiki/Q113581	Male 
 What is the birthname of Freddie Mercury?	https://www.wikidata.org/wiki/Q15869	Farrokh Bulsara 
 Where was Zanger Rinus born?	https://www.wikidata.org/wiki/Q1989104	Drachten 
 When was Stef Ekkel born?	https://www.wikidata.org/wiki/Q2217056	9 August 1980 
 What is the ethnic group of John Mayer?	https://www.wikidata.org/wiki/Q215215	White American 
 Who wrote the lyrics to the Pokémon themesong?	https://www.wikidata.org/wiki/Q25906144	John Loeffler 
 From what country came the song 'Kalinka'?	https://www.wikidata.org/wiki/Q382559	Russia 
 Where was Adam Young born?	https://www.wikidata.org/wiki/Q2072790	Owatonna 
 What is the Swedish description of a guitar?	https://www.wikidata.org/wiki/Q6607	typ av stränginstrument 
 What is the highest and lowest note that can be played on a piano?	https://www.wikidata.org/wiki/Q5994	Eighth octave C	A 
 What is the frequency of the highest note that can be played on a Piano?	https://www.wikidata.org/wiki/Q5349143	4,186.009 hertz 
 In what year did the winner of the 1984 grammy for best RnB song die?	https://www.wikidata.org/wiki/Q2831	25 June 2009 
 When did the lead vocalist of Queen join and subsequently leave the band?	https://www.wikidata.org/wiki/Q15869	1970	1991 
 What instrument family is the drum a part of?	https://www.wikidata.org/wiki/Q11404	The percussion family 
 When did the live aid benefit concert take place?	https://www.wikidata.org/wiki/Q193740	1985 
 Who hosted the british telivision programme top of the pops between 1964 and 2006?	https://www.wikidata.org/wiki/Q930414	Jimmy Savile 
 Which Genre of music originated as rock and roll in the 1950s?	https://www.wikidata.org/wiki/Q11399	Rock music 
 Who are the members of Backstreet Boys?	https://www.wikidata.org/wiki/Q17140	A. J. McLean	Howie Dorough	Nick Carter	Brian Littrell	Kevin Richardson 
 What is a trombone made of?	https://www.wikidata.org/wiki/Q8350	Brass 
 When were The Black Eyed Peas formed?	https://www.wikidata.org/wiki/Q134541	1995 
 When did Michael Jackson die?	https://www.wikidata.org/wiki/Q2831	25 June 2009 
 Where was Enrique Iglesias born?	https://www.wikidata.org/wiki/Q47122	Madrid 
 Who are the members of U2?	https://www.wikidata.org/wiki/Q396	Bono	The Edge	Adam Clayton	Larry Mullen Jr. 
 What is the real name of U2 member The Edge?	https://www.wikidata.org/wiki/Q714845	David Howell Evans 
 Who was the mother of the German componist Bach?	https://www.wikidata.org/wiki/Q1339	Maria Elisabeth Lämmerhirt 
 How many children does rapper Eminem have?	https://www.wikidata.org/wiki/Q5608	3 
 The american record label called Aftermath Entertainment was founden by which famous rapper?	https://www.wikidata.org/wiki/Q389284	Dr.Dre 
 Who composed the anthem of The Netherlands?	https://www.wikidata.org/wiki/Q131713	Adrianus Valerius 
 What year was the band Led Zeppelin formed?	https://www.wikidata.org/wiki/Q2331	1968 
 What awards has Ray Charles received?	https://www.wikidata.org/wiki/Q544387	Polar Music Prize	Grammy Lifetime Achievement Award	Library of Congress Living Legend	Ordre des arts et des lettres	Florida Artists Hall of Fame	Kennedy Center Honors	National Medal of Arts 
 When was Frank Sinatra born?	https://www.wikidata.org/wiki/Q40912	12 December 1915 
 Which bands has Dave Grohl been a part of?	https://www.wikidata.org/wiki/Q12006	Nirvana	Foo Fighters	Them Crooked Vultures 
 Where is a baglama from?	https://www.wikidata.org/wiki/Q717773	Turkey 
 What are the highest and lowest notes of a piano?	https://www.wikidata.org/wiki/Q5994	Lowest is A	Highest is the eigth octave C 
 What is the musical tempo?	https://www.wikidata.org/wiki/Q189214	A musical concept indicating to the speed of interpretation 
 When was the song "Bohemian Rhapsody" publihed?	https://www.wikidata.org/wiki/Q187745	31 October 1975 
 What is a musical flat?	https://www.wikidata.org/wiki/Q7001368	An accidental lowering the pitch of a note by one chromatic semitone 
 Who are the members of the band the Lonely Island?	https://www.wikidata.org/wiki/Q863573	Andy Samberg	Jorma Taccone	Akiva Schaffer 
 Who is the artist of Bohemian Rhapsody?	https://www.wikidata.org/wiki/Q187745	Queen 
 When was Hans Zimmer born?	https://www.wikidata.org/wiki/Q76364	12 September 1957 
 Who created the band Owl City?	https://www.wikidata.org/wiki/Q207938	Adam Young 
 Which country did jazz originate from?	https://www.wikidata.org/wiki/Q8341	United States of America 
 Who were the members of the Jackson 5?	https://www.wikidata.org/wiki/Q43267	Jackie Jackson	Tito Jackson	Jermaine Jackson	Marlon Jackson	Michael Jackson 
 In what city was Bruno Mars born?	https://www.wikidata.org/wiki/Q1450	Honolulu 
 What is the title of the theme song of The Lion King	https://www.wikidata.org/wiki/Q36479	Circle of Life 
 What album was the song Border Reiver by Mark Knopfler part of?	https://www.wikidata.org/wiki/Q16335089	Get Lucky 
 What is the birth name of rapper Pitbull?	https://www.wikidata.org/wiki/Q187844	Armando Christian Pérez 
 Who composed the theme music for Game of Thrones?	https://www.wikidata.org/wiki/Q27813929	Ramin Djawadi 
 When was Shakira born?	https://www.wikidata.org/wiki/Q34424	1977-02-02 
 When were The Beatles dissolved?	https://www.wikidata.org/wiki/Q1299	1970-04-10 
 Where did Michael Jackson die?	https://www.wikidata.org/wiki/Q2831	Los Angeles 
 Where was David Bowie born?	https://www.wikidata.org/wiki/Q5383	Brixton 
 Who are David Bowie's children?	https://www.wikidata.org/wiki/Q5383	Duncan Jones	Alexandria Zahra Jones 
 What was the year of inception of the band Gorillaz?	https://www.wikidata.org/wiki/Q189991	1998 
 Where was J.I.D born?	https://www.wikidata.org/wiki/Q29588830	Atlanta 
 What is MF DOOM's given name?	https://www.wikidata.org/wiki/Q304675	Daniel 
 What is 50 cents's birth name?	https://www.wikidata.org/wiki/Q6060	Curtis James Jackson III 
 How many children does 50 cent have?	https://www.wikidata.org/wiki/Q6060	Two 
 Who is the singer of Red Hot Chili Peppers?	https://www.wikidata.org/wiki/Q204751	Anthony Kiedis 
 When was Red Hot Chili Peppers founded?	https://www.wikidata.org/wiki/Q10708	1983 
 What is the real name of the bassist Flea?	https://www.wikidata.org/wiki/Q202859	Michael Peter Balzary 
 What is the name of the son of Anthony Kiedis?	https://www.wikidata.org/wiki/Q204751	Everly Kiedis 
 Where was Chad Smith born?	https://www.wikidata.org/wiki/Q269500	Saint Paul 
 Who are the members of Muse?	https://www.wikidata.org/wiki/Q22151	Matthew Bellamy	Christopher Wolstenholme	Dominic Howard 
 'The Getaway' is an album from...?	https://www.wikidata.org/wiki/Q24021025	Red Hot Chili Peppers 
 How many children does Chris Martin have?	https://www.wikidata.org/wiki/Q712860	2 
 What instrument does Josh Klinghoffer play?	https://www.wikidata.org/wiki/Q219638	Guitar 
 What band is Jonny Buckland a member of?	https://www.wikidata.org/wiki/Q822029	Coldplay 
 Who where the original members of Queen?	https://www.wikidata.org/wiki/Q15862	Freddie Mercury	Brian May	Roger Taylor	John Deacon 
 Which member of The Beatles is the oldest?	https://www.wikidata.org/wiki/Q2632	Ringo Starr 
 When did The Beatles split up?	https://www.wikidata.org/wiki/Q1299	1970-04-10 
 Who wrote Don't Pass Me By?	https://www.wikidata.org/wiki/Q2319841	Ringo Starr 
 What country is ABBA from?	https://www.wikidata.org/wiki/Q18233	Sweden 
 From which album is Dancing Queen?	https://www.wikidata.org/wiki/Q162392	Arrival 
 In what year did Freddie Mercury pass away?	https://www.wikidata.org/wiki/Q15869	1991 
 Who was Freddie Mercury's second partner?	https://www.wikidata.org/wiki/Q15869	Jim Hutton 
 What was the last film The Beatles made?	https://www.wikidata.org/wiki/Q3745446	Let It Be 
 Who won the 1974 Eurovision song contest?	https://www.wikidata.org/wiki/Q207541	ABBA 
 What is the main subject of the song Hotel California by The Eagles?	https://www.wikidata.org/wiki/Q780394	drug 
 What genre of music did The Black Eyed Peas make?	https://www.wikidata.org/wiki/Q134541	techno	hip hop music	pop music 
 In which country is the Amsterdam dance event held?	https://www.wikidata.org/wiki/Q4748857	Netherlands 
 What is the lowest note of a piano?	https://www.wikidata.org/wiki/Q5994	A 
 Can you name the country where the music genre Jazz is originated?	https://www.wikidata.org/wiki/Q8341	United States of America 
 Which parts does a guitar consist of?	https://www.wikidata.org/wiki/Q6607	neck	body 
 Which awards did Pink Floyd receive?	https://www.wikidata.org/wiki/Q2306	Grammy Award for Best Rock Instrumental Performance	Grammy Hall of Fame	Rock and Roll Hall of Fame 
 On wich date was the album Homework by Daft Punk released?	https://www.wikidata.org/wiki/Q920504	20 January 1997 
 Where is the Jazz musician B.B. King born?	https://www.wikidata.org/wiki/Q188969	Berclair 
 What is the name of the artist that performs in the single Piano Man?	https://www.wikidata.org/wiki/Q1813850	Billy Joel 
 When was Slash born?	https://www.wikidata.org/wiki/Q34166	1965-23-07 
 What instruments did Freddie Mercury play?	https://www.wikidata.org/wiki/Q15869	guitar	piano	Hammond organ	keyboard instrument	voice 
 Where was Guns N' Roses formed?	https://www.wikidata.org/wiki/Q11895	Los Angeles 
 How many children does Eminem have?	https://www.wikidata.org/wiki/Q5608	3 
 What is the birth name of Slim Shady?	https://www.wikidata.org/wiki/Q5608	Marshall Bruce Mathers III  
 Who are the members of Tenacious D?	https://www.wikidata.org/wiki/Q5608	Jack Black 	Kyle Gass  
 Who owns MTV?	https://www.wikidata.org/wiki/Q43359	Viacom 
 AC/DC originated in what country?	https://www.wikidata.org/wiki/Q27593	Australia 
 What was the band AC/DC named after?	https://www.wikidata.org/wiki/Q27593	alternating voltage	direct current 
 Who influenced AC/DC	https://www.wikidata.org/wiki/Q27593	Airbourne 
 When did Elvis Presley die?	https://www.wikidata.org/wiki/Q303	1977-08-16 
 Who are the members of Backstreet Boys?	https://www.wikidata.org/wiki/Q17140	A. J. McLean	Howie Dorough	Nick Carter	Brian Littrell	Kevin Richardson 
 What is the birth name of Eminem?	https://www.wikidata.org/wiki/Q5608	Marshall Bruce Mathers III 
 Who is the spouse of Kanye West?	https://www.wikidata.org/wiki/Q15935	Kim Kardashian 
 How many children does Beyoncé have?	https://www.wikidata.org/wiki/Q36153	3 
 Where was Freddie Mercury born?	https://www.wikidata.org/wiki/Q15869	Zanzibar City 
 How did Kurt Cobain die?	https://www.wikidata.org/wiki/Q8446	Suicide 
 What kind of music do System of a Down play?	https://www.wikidata.org/wiki/Q45165	nu metal	alternative metal	heavy metal	hard rock 
 Who was the composer of The Four Seasons?	https://www.wikidata.org/wiki/Q12016	Antonio Vivaldi 
 When did Michael Jackson receive his first Grammy Award?	https://www.wikidata.org/wiki/Q2831	1984 
 Who are the members of Imagine Dragons?	https://www.wikidata.org/wiki/Q391348	Dan Reynolds	Daniel Wayne Sermón	Ben McKee	Daniel Platzman 
 What is the website of Mumford and Sons ?	https://www.wikidata.org/wiki/Q953918	http://mumfordandsons.com/ 
 Where did Panic at the Disco start?	https://www.wikidata.org/wiki/Q277551	Las Vegas 
 Where does Alan Walker come from?	https://www.wikidata.org/wiki/Q21808729	Norway 
 Where is Alan Walker's full name?	https://www.wikidata.org/wiki/Q21808729	Alan Olav Walker 
 When is Janieck Davy born?	https://www.wikidata.org/wiki/Q20978394	24 june 1994 
 When did Spinnin' Records started?	https://www.wikidata.org/wiki/Q2310883	1999 
 Where is Martin Garrix born?	https://www.wikidata.org/wiki/Q14544318	Amstelveen 
 Which year did Martin Garrix publish Animals?	https://www.wikidata.org/wiki/Q14565308	2013 
 Who are Justin Bieber's siblings?	https://www.wikidata.org/wiki/Q34086	Jazmyn Bieber	Jaxon Bieber 
 When did Michael Jackson die?	https://www.wikidata.org/wiki/Q2831	29 August 1958 
 Who are the members of Rammstein?	https://www.wikidata.org/wiki/Q25177	Till Lindemann	Richard Z. Kruspe	Paul Landers	Oliver Riedel	Christoph Schneider	Christian Lorenz 
 What is the home country of Within Temptation band?	https://www.wikidata.org/wiki/Q57138	Netherlands 
 In which city Lindsey Stirling was born?	https://www.wikidata.org/wiki/Q128667	Santa Ana 
 How many members are in Little Big?	https://www.wikidata.org/wiki/Q24261863	4 
 Who is the oldest in Mamamoo?	https://www.wikidata.org/wiki/Q19483969	Solar 
 When was jazz introduced?	https://www.wikidata.org/wiki/Q8341	1900s 
 Who is a famous violinst and dancer that posts videos on YouTube?	https://www.wikidata.org/wiki/Q128667	Lindsey Stirling 
 What is the name of a speech-generating software featuring Hatsune Miku?	https://www.wikidata.org/wiki/Q552682	Vocaloid 
 In which musical genres does Akiko Shikata perform?	https://www.wikidata.org/wiki/Q2462075	J-Pop	ethereal wave 
 How did Jimi Hendrix die?	https://www.wikidata.org/wiki/Q5928	barbiturate overdose 
 What musical genres did Thelonious Monk perform?	https://www.wikidata.org/wiki/Q109612	jazz	bebop	hard bop	stride	cool jazz 
 When was the band GWAR founded?	https://www.wikidata.org/wiki/Q507863	1984 
 Which instruments do the 1812 Overture use?	https://www.wikidata.org/wiki/Q212776	orchestra	cannon 
 What is the birthname of B.B. King?	https://www.wikidata.org/wiki/Q188969	Riley Ben King 
 Where did Plastic Bertrand receive his musical education?	https://www.wikidata.org/wiki/Q558440	Riley Ben King 
 What is the name of the guitar of B.B. King?	https://www.wikidata.org/wiki/Q898248	Lucille 
 On which album of the band Deftones did the song My Own Summer appear?	https://www.wikidata.org/wiki/Q3868891	Around the Fur 
 In which conutry did Chiptune originate?	https://www.wikidata.org/wiki/Q135637	Japan 
 Eminem has signed with which record labels?	https://www.wikidata.org/wiki/Q5608	Shady Records	Interscope Records	Aftermath Entertainment	Rawkus Records	Web Entertainment	Bassmint Productions 
 Who were the members of The Doors?	https://www.wikidata.org/wiki/Q45354	Jim Morrison	Robby Krieger	Ray Manzarek	John Densmore 
 What were the music genres played by The Doors?	https://www.wikidata.org/wiki/Q45354	Psychedelic Rock	Blues Rock 
 What is Woodstock ?	 https://www.wikidata.org/wiki/Q164815 	 Woodstock was a music festival in New York, US  
 When did the Woodstock festival take place?	 https://www.wikidata.org/wiki/Q164815 	 In 1969  
 When was Jimmi Hendrix born?	 https://www.wikidata.org/wiki/Q5928 	 On the 27th of November, 1942 
 When did Jimmi Hendrix die?	 https://www.wikidata.org/wiki/Q5928 	 on the 18th of September, 1970  
 What is Rock Music ?	 https://www.wikidata.org/wiki/Q11399 	 Rock is a genre of popular music that originated as "rock and roll" in 1950s in USA  
 Who is Orpheus?	https://www.wikidata.org/wiki/Q174353 	 Orpheus is a legendary musician, poet, and prophet in ancient Greek religion and myth  
 What is a lyre?	 https://www.wikidata.org/wiki/Q201129 	  A lyre is a string instrument from Greek classical antiquity  
 What is a tambourine?	 https://www.wikidata.org/wiki/Q193666 	 A tambourine is a musical instrument in the percussion family  
 When did Michael Jackson die?	https://www.wikidata.org/wiki/Q2831	2009-06-25 
 Where was Madonna born?	https://www.wikidata.org/wiki/Q1744	Bay City 
 What band did Sting play for?	https://www.wikidata.org/wiki/Q483203	The Police 
 Where was Jimi Hendrix buried?	https://www.wikidata.org/wiki/Q5928	Greenwood Memorial Park 
 What is Sting his real name?	https://www.wikidata.org/wiki/Q483203	Gordon Matthew Thomas Sumner 
 Who composed Bohemian Rhapsody?	https://www.wikidata.org/wiki/Q187745	Freddie Mercury 
 How long is the song Bohemian Rhapsody?	https://www.wikidata.org/wiki/Q187745	355 seconds 
 What genre is the song Baba O'Riley?	https://www.wikidata.org/wiki/Q787812	hard rock 
 Who performed Baba O'Riley?	https://www.wikidata.org/wiki/Q787812	The Who 
 How tall is Roger Daltrey?	https://www.wikidata.org/wiki/Q311672	66 inch 
 Where was Ludovico Einaudi born?	http://www.wikidata.org/wiki/Q83182	Turin 
 When was Klaus Wunderlich born?	https://www.wikidata.org/wiki/Q657139	1931-06-18 
 What was the founding year of the Dutch rock band Kensington?	https://www.wikidata.org/wiki/Q2778701	2005 
 What was Avicii's real name?	https://www.wikidata.org/wiki/Q505476	Tim Bergling 
 Which awards did Dutch rapper Ali B receive?	https://www.wikidata.org/wiki/Q2439541	Neerlands Hoop	Zilveren Harp	Zilveren Televizier-Ster	Popprijs 
 From which town is the Dutch band Chef'Special?	https://www.wikidata.org/wiki/Q13462155	Haarlem 
 Who are in the Foo Fighters?	https://www.wikidata.org/wiki/Q483718	Dave Grohl	Franz Stahl 
 When did Oasis release the single "Don't look back in anger"?	https://www.wikidata.org/wiki/Q1070349	1996-02-19 
 Who wrote the lyrics for Oasis' single "Don't look back in anger?"	https://www.wikidata.org/wiki/Q1070349	Noel Gallagher 
 Which band wrote a song called "Hey Jude"?	https://www.wikidata.org/wiki/Q607742	The Beatles 
 Where are Red Hot Chili Peppers from?	https://www.wikidata.org/wiki/Q10708	United States of America 
 When did Muse form?	https://www.wikidata.org/wiki/Q22151	1994 
 What genre is Toxicity?	https://www.wikidata.org/wiki/Q45340	alternative metal 
 Who wrote the lyrics to Chop Suey!?	https://www.wikidata.org/wiki/Q842880	Serj Tankian	Daron Malakian 
 Who produced Californication?	https://www.wikidata.org/wiki/Q219425	Rick Rubin 
 What album is Under the Bridge from?	https://www.wikidata.org/wiki/Q970993	Blood Sugar Sex Magik 
 Who performed Fistful of Steel	https://www.wikidata.org/wiki/Q5862344	Rage Against the Machine 
 When was Killing in the Name released?	https://www.wikidata.org/wiki/Q1129215	November 1992 
 Who was Radiohead influenced by?	https://www.wikidata.org/wiki/Q44190	Pink Floyd 
 What record label published Creep?	https://www.wikidata.org/wiki/Q863433	Parlophone	EMI 
 When did Freddie Mercury die?	https://www.wikidata.org/wiki/Q15869	1991-11-24 
 How many members does Queen have?	https://www.wikidata.org/wiki/Q15862	4 
 How many kids does Drake have?	https://www.wikidata.org/wiki/Q33240	1 
 What name was The Weeknd given at birth?	https://www.wikidata.org/wiki/Q2121062	Abel Makkonen Tesfaye 
 What are the names of the children of Kanye West?	https://www.wikidata.org/wiki/Q15935	North West	Saint West	Chicago West 
 When was Michael Jackson born?	https://www.wikidata.org/wiki/Q2831	1958-08-29 
 In what year did Dr. Dre start working?	https://www.wikidata.org/wiki/Q6078	1984 
 Where was Drake born?	https://www.wikidata.org/wiki/Q33240	Toronto 
 Where does Drake live?	https://www.wikidata.org/wiki/Q33240	Hidden Hills 
 What instrument does Kendrick Lamar use?	https://www.wikidata.org/wiki/Q130798	Voice 
 What awards did Rammstein recieve, if any?	http://www.wikidata.org/entity/Q25177	MTV Europe Music Award for Best German Act 
 What genre of music did Janis Joplin make?	http://www.wikidata.org/entity/Q1514	psychedelic rock	blues	blues rock	soul music	acid rock	hard rock	contemporary folk music	country music 
 What country did indie folk originate from?	http://www.wikidata.org/entity/Q1317816	United States of America	United Kingdom 
 In what band(s) did Micheal Jackson perform?	http://www.wikidata.org/entity/Q2831	The Jackson 5 
 When was Leonard Cohen born?	http://www.wikidata.org/entity/Q1276	21 September 1934 
 Who are the band members of Coldplay?	http://www.wikidata.org/entity/Q45188	Chris Martin	Jonny Buckland	Guy Berryman	Will Champion	Phil Harvey 
 When was the single 'Hide and Seek' released?	http://www.wikidata.org/entity/Q603753	19 May 2005 
 From what genre is the single 'Lemon Tree'?	http://www.wikidata.org/entity/Q686654	Britpop 
 How did Kurt Cobain die?	http://www.wikidata.org/entity/Q8446	suicide 
 Where did the band Queen form?	http://www.wikidata.org/entity/Q15862	London 
